Date,PM2.5
2025-01-01,50.49
2025-02-01,60.17
2025-03-01,88.1
2025-04-01,98.55
2025-05-01,68.06
2025-06-01,71.65
2025-07-01,68.02
2025-08-01,64.46
2025-09-01,61.39
2025-10-01,84.8
2025-11-01,103.88
2025-12-01,96.86
NaT,94.15
NaT,96.07
NaT,74.42
NaT,68.58
NaT,72.03
NaT,74.95
NaT,73.58
NaT,72.76
NaT,73.37
NaT,75.66
NaT,91.17
NaT,88.13
NaT,93.8
NaT,84.01
NaT,83.64
NaT,90.66
NaT,60.53
NaT,55.03
NaT,47.36
2025-01-02,50.1
2025-02-02,67.25
2025-03-02,92.24
2025-04-02,79.55
2025-05-02,89.97
2025-06-02,71.33
2025-07-02,73.23
2025-08-02,83.2
2025-09-02,86.03
2025-10-02,68.77
2025-11-02,56.9
2025-12-02,54.06
NaT,79.39
NaT,83.97
NaT,83.71
NaT,53.01
NaT,43.81
NaT,40.71
NaT,42.98
NaT,32.93
NaT,47.35
NaT,44.44
NaT,48.76
NaT,69.0
NaT,75.72
NaT,73.64
NaT,88.73
NaT,51.88
2025-01-03,35.0
2025-02-03,31.69
2025-03-03,28.86
2025-04-03,23.78
2025-05-03,21.43
2025-06-03,17.83
2025-07-03,47.17
2025-08-03,79.77
2025-09-03,65.6
2025-10-03,73.02
2025-11-03,60.39
2025-12-03,64.04
NaT,58.57
NaT,56.77
NaT,51.75
NaT,45.4
NaT,61.66
NaT,63.08
NaT,79.69
NaT,45.53
NaT,60.64
NaT,38.47
NaT,58.49
NaT,88.35
NaT,79.99
NaT,56.27
NaT,58.32
NaT,75.37
NaT,91.61
NaT,60.91
NaT,55.54
2025-01-04,48.48
2025-02-04,42.86
2025-03-04,45.24
2025-04-04,57.49
2025-05-04,56.39
2025-06-04,45.42
2025-07-04,34.18
2025-08-04,34.26
2025-09-04,30.3
2025-10-04,32.45
2025-11-04,33.27
2025-12-04,33.25
NaT,49.07
NaT,52.98
NaT,47.57
NaT,47.5
NaT,43.0
NaT,35.5
NaT,45.74
NaT,44.12
NaT,44.69
NaT,49.29
NaT,52.72
NaT,52.32
NaT,43.14
NaT,37.49
NaT,46.58
NaT,57.36
NaT,42.13
NaT,47.97
2025-01-05,46.21
2025-02-05,46.95
2025-03-05,41.92
2025-04-05,40.8
2025-05-05,40.43
2025-06-05,44.93
2025-07-05,53.18
2025-08-05,52.54
2025-09-05,54.82
2025-10-05,60.79
2025-11-05,60.03
2025-12-05,57.76
NaT,46.36
NaT,44.46
NaT,43.02
NaT,40.63
NaT,38.26
NaT,32.4
NaT,27.45
NaT,29.88
NaT,30.81
NaT,40.16
NaT,29.0
NaT,29.29
NaT,25.14
NaT,25.31
NaT,30.07
NaT,29.69
NaT,23.8
NaT,33.63
NaT,42.02
2025-01-06,42.51
2025-02-06,64.28
2025-03-06,56.33
2025-04-06,35.47
2025-05-06,39.03
2025-06-06,45.31
2025-07-06,52.36
2025-08-06,54.9
2025-09-06,61.0
2025-10-06,55.64
2025-11-06,40.73
2025-12-06,29.92
NaT,31.88
NaT,35.89
NaT,29.03
NaT,23.26
NaT,23.67
NaT,25.75
NaT,30.94
NaT,37.43
NaT,41.36
NaT,37.05
NaT,31.74
NaT,27.55
NaT,29.03
NaT,20.72
NaT,26.66
NaT,29.59
NaT,32.53
NaT,33.99
2025-01-07,30.76
2025-02-07,26.22
2025-03-07,27.24
2025-04-07,32.72
2025-05-07,33.25
2025-06-07,29.22
2025-07-07,25.65
2025-08-07,22.12
2025-09-07,31.29
2025-10-07,26.69
2025-11-07,33.23
2025-12-07,36.45
NaT,36.75
NaT,25.28
NaT,33.07
NaT,35.22
NaT,37.36
NaT,33.83
NaT,35.69
NaT,32.59
NaT,32.84
NaT,28.43
NaT,30.25
NaT,31.69
NaT,26.98
NaT,23.3
NaT,27.91
NaT,30.69
NaT,30.58
NaT,21.67
NaT,29.68
2025-01-08,38.55
2025-02-08,42.11
2025-03-08,44.77
2025-04-08,40.67
2025-05-08,39.39
2025-06-08,36.89
2025-07-08,42.09
2025-08-08,30.54
2025-09-08,26.68
2025-10-08,26.81
2025-11-08,27.44
2025-12-08,33.82
NaT,23.46
NaT,23.32
NaT,23.92
NaT,21.8
NaT,20.38
NaT,20.0
NaT,20.89
NaT,22.51
NaT,24.74
NaT,25.71
NaT,24.23
NaT,29.29
NaT,31.55
NaT,26.73
NaT,23.54
NaT,26.63
NaT,25.63
NaT,25.97
NaT,28.06
2025-01-09,39.69
2025-02-09,24.04
2025-03-09,18.92
2025-04-09,24.08
2025-05-09,34.71
2025-06-09,43.47
2025-07-09,35.43
2025-08-09,42.25
2025-09-09,40.84
2025-10-09,36.62
2025-11-09,35.8
2025-12-09,32.07
NaT,29.78
NaT,27.09
NaT,23.07
NaT,23.78
NaT,29.27
NaT,30.82
NaT,34.48
NaT,37.51
NaT,53.98
NaT,41.87
NaT,24.09
NaT,29.98
NaT,35.04
NaT,33.82
NaT,35.16
NaT,34.17
NaT,39.91
NaT,49.75
2025-01-10,37.01
2025-02-10,26.73
2025-03-10,32.36
2025-04-10,39.03
2025-05-10,34.98
2025-06-10,52.13
2025-07-10,50.52
2025-08-10,47.06
2025-09-10,52.82
2025-10-10,53.5
2025-11-10,54.67
2025-12-10,62.25
NaT,78.76
NaT,76.89
NaT,82.64
NaT,92.8
NaT,110.18
NaT,93.17
NaT,60.44
NaT,80.16
NaT,116.86
NaT,93.49
NaT,90.35
NaT,90.57
NaT,86.57
NaT,68.27
NaT,74.74
NaT,52.91
NaT,35.23
NaT,33.36
NaT,37.79
2025-01-11,44.07
2025-02-11,34.92
2025-03-11,67.18
2025-04-11,139.16
2025-05-11,138.34
2025-06-11,98.78
2025-07-11,105.73
2025-08-11,80.69
2025-09-11,96.41
2025-10-11,115.06
2025-11-11,120.94
2025-12-11,144.44
NaT,147.2
NaT,146.38
NaT,134.01
NaT,124.06
NaT,115.48
NaT,121.75
NaT,104.49
NaT,115.25
NaT,126.54
NaT,142.01
NaT,150.43
NaT,146.98
NaT,133.75
NaT,116.09
NaT,105.2
NaT,119.69
NaT,117.68
NaT,117.59
2025-01-12,124.91
2025-02-12,129.33
2025-03-12,115.92
2025-04-12,144.23
2025-05-12,99.78
2025-06-12,109.94
2025-07-12,112.53
2025-08-12,137.33
2025-09-12,153.31
2025-10-12,158.01
2025-11-12,157.1
2025-12-12,160.64
NaT,119.66
NaT,87.72
NaT,84.91
NaT,94.91
NaT,110.6
NaT,93.94
NaT,86.62
NaT,112.54
NaT,123.49
NaT,100.7
NaT,110.9
NaT,124.41
NaT,117.27
NaT,125.32
NaT,132.52
NaT,103.44
NaT,105.87
NaT,92.9
NaT,62.29
